{
	"name": "trigger1",
	"properties": {
		"annotations": [],
		"runtimeState": "Started",
		"pipelines": [
			{
				"pipelineReference": {
					"referenceName": "model_training",
					"type": "PipelineReference"
				}
			}
		],
		"type": "BlobEventsTrigger",
		"typeProperties": {
			"blobPathBeginsWith": "/testcontainer/blobs/data/input",
			"blobPathEndsWith": ".csv",
			"ignoreEmptyBlobs": true,
			"scope": "/subscriptions/63f17b4d-2366-4da7-94bf-60fc3d60e3d7/resourceGroups/streamlit_app/providers/Microsoft.Storage/storageAccounts/medicalembeddings",
			"events": [
				"Microsoft.Storage.BlobCreated"
			]
		}
	}
}